"Carimbo de data/hora","Pontuação total","1 - Tive uma boa impressão do software AILA","1 - Tive uma boa impressão do software AILA [Pontuação]","1 - Tive uma boa impressão do software AILA [Feedback]","2 - Tive dificuldade de utilizar o software AILA","2 - Tive dificuldade de utilizar o software AILA [Pontuação]","2 - Tive dificuldade de utilizar o software AILA [Feedback]","3 - Foi fácil aprender a usar o software AILA","3 - Foi fácil aprender a usar o software AILA [Pontuação]","3 - Foi fácil aprender a usar o software AILA [Feedback]","4 - O software AILA oferece recursos úteis para apoiar a escrita de textos jurídicos","4 - O software AILA oferece recursos úteis para apoiar a escrita de textos jurídicos [Pontuação]","4 - O software AILA oferece recursos úteis para apoiar a escrita de textos jurídicos [Feedback]","5 - O software AILA é intuitivo","5 - O software AILA é intuitivo [Pontuação]","5 - O software AILA é intuitivo [Feedback]","6 - Eu recomendo o software AILA a outros profissionais que precisam escrever textos jurídicos","6 - Eu recomendo o software AILA a outros profissionais que precisam escrever textos jurídicos [Pontuação]","6 - Eu recomendo o software AILA a outros profissionais que precisam escrever textos jurídicos [Feedback]","7 - Eu usaria o software AILA com frequência","7 - Eu usaria o software AILA com frequência [Pontuação]","7 - Eu usaria o software AILA com frequência [Feedback]","8 - O software AILA é desnecessariamente complexo","8 - O software AILA é desnecessariamente complexo [Pontuação]","8 - O software AILA é desnecessariamente complexo [Feedback]","9 - É necessário o apoio de um técnico para usar o software AILA","9 - É necessário o apoio de um técnico para usar o software AILA [Pontuação]","9 - É necessário o apoio de um técnico para usar o software AILA [Feedback]","10 - As funções do software AILA estão bem integradas","10 - As funções do software AILA estão bem integradas [Pontuação]","10 - As funções do software AILA estão bem integradas [Feedback]","11 - O software AILA é muito inconsistente","11 - O software AILA é muito inconsistente [Pontuação]","11 - O software AILA é muito inconsistente [Feedback]","12 - A maioria das pessoas aprende a usar o software AILA rapidamente","12 - A maioria das pessoas aprende a usar o software AILA rapidamente [Pontuação]","12 - A maioria das pessoas aprende a usar o software AILA rapidamente [Feedback]","13 - O software AILA é muito complicado de se usar","13 - O software AILA é muito complicado de se usar [Pontuação]","13 - O software AILA é muito complicado de se usar [Feedback]","14 - Eu me senti muito confiante usando o software AILA","14 - Eu me senti muito confiante usando o software AILA [Pontuação]","14 - Eu me senti muito confiante usando o software AILA [Feedback]","15 - Eu preciso aprender um monte de coisas antes de continuar usando o software AILA.","15 - Eu preciso aprender um monte de coisas antes de continuar usando o software AILA. [Pontuação]","15 - Eu preciso aprender um monte de coisas antes de continuar usando o software AILA. [Feedback]","16 - Eu me senti confortável com o software AILA","16 - Eu me senti confortável com o software AILA [Pontuação]","16 - Eu me senti confortável com o software AILA [Feedback]","17 - Foi fácil encontrar a informação que eu precisava no software AILA","17 - Foi fácil encontrar a informação que eu precisava no software AILA [Pontuação]","17 - Foi fácil encontrar a informação que eu precisava no software AILA [Feedback]","18 - Eu gostei de usar a interface do software AILA.","18 - Eu gostei de usar a interface do software AILA. [Pontuação]","18 - Eu gostei de usar a interface do software AILA. [Feedback]","19 - A interface do software AILA é agradável","19 - A interface do software AILA é agradável [Pontuação]","19 - A interface do software AILA é agradável [Feedback]","20 - A organização de informações na tela do software AILA é clara","20 - A organização de informações na tela do software AILA é clara [Pontuação]","20 - A organização de informações na tela do software AILA é clara [Feedback]","Você tem algum comentário ou sugestão?","Você tem algum comentário ou sugestão? [Pontuação]","Você tem algum comentário ou sugestão? [Feedback]"
"2023/11/06 3:40:05 PM GMT-3","0.00 / 0","1 - Discordo totalmente","-- / 0","","1 - Discordo totalmente","-- / 0","","1 - Discordo totalmente","-- / 0","","1 - Discordo totalmente","-- / 0","","1 - Discordo totalmente","-- / 0","","1 - Discordo totalmente","-- / 0","","1 - Discordo totalmente","-- / 0","","1 - Discordo totalmente","-- / 0","","1 - Discordo totalmente","-- / 0","","1 - Discordo totalmente","-- / 0","","1 - Discordo totalmente","-- / 0","","1 - Discordo totalmente","-- / 0","","1 - Discordo totalmente","-- / 0","","1 - Discordo totalmente","-- / 0","","1 - Discordo totalmente","-- / 0","","1 - Discordo totalmente","-- / 0","","1 - Discordo totalmente","-- / 0","","1 - Discordo totalmente","-- / 0","","1 - Discordo totalmente","-- / 0","","1 - Discordo totalmente","-- / 0","","Discordo de tudo!","-- / 0",""
"2023/11/06 6:29:14 PM GMT-3","0.00 / 0","5 - Concordo totalmente","-- / 0","","1 - Discordo totalmente","-- / 0","","5 - Concordo totalmente","-- / 0","","5 - Concordo totalmente","-- / 0","","5 - Concordo totalmente","-- / 0","","5 - Concordo totalmente","-- / 0","","5 - Concordo totalmente","-- / 0","","1 - Discordo totalmente","-- / 0","","4 - Concordo parcialmente","-- / 0","","5 - Concordo totalmente","-- / 0","","5 - Concordo totalmente","-- / 0","","5 - Concordo totalmente","-- / 0","","5 - Concordo totalmente","-- / 0","","5 - Concordo totalmente","-- / 0","","5 - Concordo totalmente","-- / 0","","5 - Concordo totalmente","-- / 0","","5 - Concordo totalmente","-- / 0","","5 - Concordo totalmente","-- / 0","","5 - Concordo totalmente","-- / 0","","5 - Concordo totalmente","-- / 0","","nao","-- / 0",""
"2023/11/06 6:30:34 PM GMT-3","0.00 / 0","5 - Concordo totalmente","-- / 0","","2 - Discordo parcialmente","-- / 0","","4 - Concordo parcialmente","-- / 0","","5 - Concordo totalmente","-- / 0","","4 - Concordo parcialmente","-- / 0","","4 - Concordo parcialmente","-- / 0","","4 - Concordo parcialmente","-- / 0","","1 - Discordo totalmente","-- / 0","","1 - Discordo totalmente","-- / 0","","4 - Concordo parcialmente","-- / 0","","1 - Discordo totalmente","-- / 0","","4 - Concordo parcialmente","-- / 0","","1 - Discordo totalmente","-- / 0","","4 - Concordo parcialmente","-- / 0","","1 - Discordo totalmente","-- / 0","","5 - Concordo totalmente","-- / 0","","5 - Concordo totalmente","-- / 0","","5 - Concordo totalmente","-- / 0","","5 - Concordo totalmente","-- / 0","","4 - Concordo parcialmente","-- / 0","","não","-- / 0",""
"2023/11/06 6:30:35 PM GMT-3","0.00 / 0","4 - Concordo parcialmente","-- / 0","","3 - Indiferente (Neutro)","-- / 0","","5 - Concordo totalmente","-- / 0","","4 - Concordo parcialmente","-- / 0","","4 - Concordo parcialmente","-- / 0","","4 - Concordo parcialmente","-- / 0","","4 - Concordo parcialmente","-- / 0","","3 - Indiferente (Neutro)","-- / 0","","4 - Concordo parcialmente","-- / 0","","4 - Concordo parcialmente","-- / 0","","4 - Concordo parcialmente","-- / 0","","4 - Concordo parcialmente","-- / 0","","2 - Discordo parcialmente","-- / 0","","3 - Indiferente (Neutro)","-- / 0","","2 - Discordo parcialmente","-- / 0","","3 - Indiferente (Neutro)","-- / 0","","4 - Concordo parcialmente","-- / 0","","4 - Concordo parcialmente","-- / 0","","4 - Concordo parcialmente","-- / 0","","2 - Discordo parcialmente","-- / 0","","A parte da jurisprudência é incrível, facilita bastante e reduz o tempo de produção das peças. ","-- / 0",""
"2023/11/06 6:30:58 PM GMT-3","0.00 / 0","3 - Indiferente (Neutro)","-- / 0","","4 - Concordo parcialmente","-- / 0","","2 - Discordo parcialmente","-- / 0","","2 - Discordo parcialmente","-- / 0","","3 - Indiferente (Neutro)","-- / 0","","2 - Discordo parcialmente","-- / 0","","1 - Discordo totalmente","-- / 0","","3 - Indiferente (Neutro)","-- / 0","","2 - Discordo parcialmente","-- / 0","","2 - Discordo parcialmente","-- / 0","","4 - Concordo parcialmente","-- / 0","","2 - Discordo parcialmente","-- / 0","","3 - Indiferente (Neutro)","-- / 0","","1 - Discordo totalmente","-- / 0","","3 - Indiferente (Neutro)","-- / 0","","3 - Indiferente (Neutro)","-- / 0","","3 - Indiferente (Neutro)","-- / 0","","3 - Indiferente (Neutro)","-- / 0","","3 - Indiferente (Neutro)","-- / 0","","3 - Indiferente (Neutro)","-- / 0","","Não gostei.","-- / 0",""
"2023/11/06 6:30:59 PM GMT-3","0.00 / 0","4 - Concordo parcialmente","-- / 0","","4 - Concordo parcialmente","-- / 0","","5 - Concordo totalmente","-- / 0","","3 - Indiferente (Neutro)","-- / 0","","3 - Indiferente (Neutro)","-- / 0","","3 - Indiferente (Neutro)","-- / 0","","2 - Discordo parcialmente","-- / 0","","5 - Concordo totalmente","-- / 0","","4 - Concordo parcialmente","-- / 0","","4 - Concordo parcialmente","-- / 0","","4 - Concordo parcialmente","-- / 0","","4 - Concordo parcialmente","-- / 0","","2 - Discordo parcialmente","-- / 0","","2 - Discordo parcialmente","-- / 0","","2 - Discordo parcialmente","-- / 0","","2 - Discordo parcialmente","-- / 0","","3 - Indiferente (Neutro)","-- / 0","","3 - Indiferente (Neutro)","-- / 0","","5 - Concordo totalmente","-- / 0","","5 - Concordo totalmente","-- / 0","","Não","-- / 0",""
"2023/11/06 6:31:27 PM GMT-3","0.00 / 0","2 - Discordo parcialmente","-- / 0","","4 - Concordo parcialmente","-- / 0","","2 - Discordo parcialmente","-- / 0","","2 - Discordo parcialmente","-- / 0","","2 - Discordo parcialmente","-- / 0","","3 - Indiferente (Neutro)","-- / 0","","2 - Discordo parcialmente","-- / 0","","2 - Discordo parcialmente","-- / 0","","5 - Concordo totalmente","-- / 0","","1 - Discordo totalmente","-- / 0","","5 - Concordo totalmente","-- / 0","","3 - Indiferente (Neutro)","-- / 0","","3 - Indiferente (Neutro)","-- / 0","","2 - Discordo parcialmente","-- / 0","","2 - Discordo parcialmente","-- / 0","","3 - Indiferente (Neutro)","-- / 0","","1 - Discordo totalmente","-- / 0","","3 - Indiferente (Neutro)","-- / 0","","3 - Indiferente (Neutro)","-- / 0","","4 - Concordo parcialmente","-- / 0","","O software ainda é lento e não intuitivo. As informações nem sempre aparecem, mesmo sendo utilizados os termos corretos.  ","-- / 0",""
"2023/11/06 6:31:28 PM GMT-3","0.00 / 0","4 - Concordo parcialmente","-- / 0","","1 - Discordo totalmente","-- / 0","","5 - Concordo totalmente","-- / 0","","4 - Concordo parcialmente","-- / 0","","4 - Concordo parcialmente","-- / 0","","4 - Concordo parcialmente","-- / 0","","3 - Indiferente (Neutro)","-- / 0","","1 - Discordo totalmente","-- / 0","","1 - Discordo totalmente","-- / 0","","4 - Concordo parcialmente","-- / 0","","3 - Indiferente (Neutro)","-- / 0","","5 - Concordo totalmente","-- / 0","","1 - Discordo totalmente","-- / 0","","4 - Concordo parcialmente","-- / 0","","1 - Discordo totalmente","-- / 0","","4 - Concordo parcialmente","-- / 0","","3 - Indiferente (Neutro)","-- / 0","","5 - Concordo totalmente","-- / 0","","5 - Concordo totalmente","-- / 0","","5 - Concordo totalmente","-- / 0","","Algumas vezes os artigos não corrigidos, nem aparecem nas pesquisas do lado superior direito da tela.","-- / 0",""
"2023/11/06 6:32:54 PM GMT-3","0.00 / 0","5 - Concordo totalmente","-- / 0","","4 - Concordo parcialmente","-- / 0","","5 - Concordo totalmente","-- / 0","","5 - Concordo totalmente","-- / 0","","4 - Concordo parcialmente","-- / 0","","4 - Concordo parcialmente","-- / 0","","4 - Concordo parcialmente","-- / 0","","1 - Discordo totalmente","-- / 0","","4 - Concordo parcialmente","-- / 0","","3 - Indiferente (Neutro)","-- / 0","","5 - Concordo totalmente","-- / 0","","5 - Concordo totalmente","-- / 0","","2 - Discordo parcialmente","-- / 0","","4 - Concordo parcialmente","-- / 0","","1 - Discordo totalmente","-- / 0","","4 - Concordo parcialmente","-- / 0","","3 - Indiferente (Neutro)","-- / 0","","4 - Concordo parcialmente","-- / 0","","4 - Concordo parcialmente","-- / 0","","4 - Concordo parcialmente","-- / 0","","A lentidão no sistema, ou na internet impossibilitou a fluidez necessária para utilizar em plenitude as potencialidades do sistema. Vejo bastante potencial caso o sistema rode sem gargalos.","-- / 0",""
"2023/11/06 6:34:21 PM GMT-3","0.00 / 0","4 - Concordo parcialmente","-- / 0","","4 - Concordo parcialmente","-- / 0","","2 - Discordo parcialmente","-- / 0","","4 - Concordo parcialmente","-- / 0","","4 - Concordo parcialmente","-- / 0","","4 - Concordo parcialmente","-- / 0","","5 - Concordo totalmente","-- / 0","","1 - Discordo totalmente","-- / 0","","3 - Indiferente (Neutro)","-- / 0","","4 - Concordo parcialmente","-- / 0","","2 - Discordo parcialmente","-- / 0","","4 - Concordo parcialmente","-- / 0","","2 - Discordo parcialmente","-- / 0","","4 - Concordo parcialmente","-- / 0","","2 - Discordo parcialmente","-- / 0","","4 - Concordo parcialmente","-- / 0","","3 - Indiferente (Neutro)","-- / 0","","5 - Concordo totalmente","-- / 0","","4 - Concordo parcialmente","-- / 0","","2 - Discordo parcialmente","-- / 0","","..","-- / 0",""
"2023/11/06 6:34:58 PM GMT-3","0.00 / 0","4 - Concordo parcialmente","-- / 0","","1 - Discordo totalmente","-- / 0","","5 - Concordo totalmente","-- / 0","","4 - Concordo parcialmente","-- / 0","","4 - Concordo parcialmente","-- / 0","","5 - Concordo totalmente","-- / 0","","5 - Concordo totalmente","-- / 0","","1 - Discordo totalmente","-- / 0","","1 - Discordo totalmente","-- / 0","","5 - Concordo totalmente","-- / 0","","4 - Concordo parcialmente","-- / 0","","5 - Concordo totalmente","-- / 0","","1 - Discordo totalmente","-- / 0","","5 - Concordo totalmente","-- / 0","","1 - Discordo totalmente","-- / 0","","5 - Concordo totalmente","-- / 0","","4 - Concordo parcialmente","-- / 0","","5 - Concordo totalmente","-- / 0","","5 - Concordo totalmente","-- / 0","","5 - Concordo totalmente","-- / 0","","Foi muito boa a experiência","-- / 0",""
"2023/11/06 6:35:45 PM GMT-3","0.00 / 0","4 - Concordo parcialmente","-- / 0","","3 - Indiferente (Neutro)","-- / 0","","4 - Concordo parcialmente","-- / 0","","4 - Concordo parcialmente","-- / 0","","4 - Concordo parcialmente","-- / 0","","4 - Concordo parcialmente","-- / 0","","2 - Discordo parcialmente","-- / 0","","3 - Indiferente (Neutro)","-- / 0","","2 - Discordo parcialmente","-- / 0","","1 - Discordo totalmente","-- / 0","","5 - Concordo totalmente","-- / 0","","4 - Concordo parcialmente","-- / 0","","2 - Discordo parcialmente","-- / 0","","4 - Concordo parcialmente","-- / 0","","2 - Discordo parcialmente","-- / 0","","4 - Concordo parcialmente","-- / 0","","1 - Discordo totalmente","-- / 0","","4 - Concordo parcialmente","-- / 0","","4 - Concordo parcialmente","-- / 0","","4 - Concordo parcialmente","-- / 0","","estava demorando muito para achar o aritgo, as vezes não encontrava de forma nenhuma, poderia ter mais integração com jurisprudencias e afins conectando a  ia a outros sites já existentes.","-- / 0",""
"2023/11/06 6:38:33 PM GMT-3","0.00 / 0","4 - Concordo parcialmente","-- / 0","","4 - Concordo parcialmente","-- / 0","","4 - Concordo parcialmente","-- / 0","","4 - Concordo parcialmente","-- / 0","","2 - Discordo parcialmente","-- / 0","","3 - Indiferente (Neutro)","-- / 0","","4 - Concordo parcialmente","-- / 0","","2 - Discordo parcialmente","-- / 0","","4 - Concordo parcialmente","-- / 0","","2 - Discordo parcialmente","-- / 0","","3 - Indiferente (Neutro)","-- / 0","","3 - Indiferente (Neutro)","-- / 0","","2 - Discordo parcialmente","-- / 0","","2 - Discordo parcialmente","-- / 0","","4 - Concordo parcialmente","-- / 0","","2 - Discordo parcialmente","-- / 0","","2 - Discordo parcialmente","-- / 0","","4 - Concordo parcialmente","-- / 0","","2 - Discordo parcialmente","-- / 0","","2 - Discordo parcialmente","-- / 0","","Acredito que no momento do teste estavam tendo muitos acessos simultâneos, o que inviabilizou um pouco o teste e talvez a impressão inicial do software.","-- / 0",""
"2023/11/06 6:39:25 PM GMT-3","0.00 / 0","4 - Concordo parcialmente","-- / 0","","3 - Indiferente (Neutro)","-- / 0","","5 - Concordo totalmente","-- / 0","","5 - Concordo totalmente","-- / 0","","2 - Discordo parcialmente","-- / 0","","4 - Concordo parcialmente","-- / 0","","3 - Indiferente (Neutro)","-- / 0","","1 - Discordo totalmente","-- / 0","","4 - Concordo parcialmente","-- / 0","","3 - Indiferente (Neutro)","-- / 0","","2 - Discordo parcialmente","-- / 0","","2 - Discordo parcialmente","-- / 0","","2 - Discordo parcialmente","-- / 0","","3 - Indiferente (Neutro)","-- / 0","","4 - Concordo parcialmente","-- / 0","","3 - Indiferente (Neutro)","-- / 0","","3 - Indiferente (Neutro)","-- / 0","","4 - Concordo parcialmente","-- / 0","","4 - Concordo parcialmente","-- / 0","","4 - Concordo parcialmente","-- / 0","","com o tempo será mais fácil e rápido de usar, alguns artigos demoraram um pouca, mas creio que o motivo seja a internet ","-- / 0",""
"2023/11/06 6:41:50 PM GMT-3","0.00 / 0","4 - Concordo parcialmente","-- / 0","","3 - Indiferente (Neutro)","-- / 0","","4 - Concordo parcialmente","-- / 0","","4 - Concordo parcialmente","-- / 0","","2 - Discordo parcialmente","-- / 0","","3 - Indiferente (Neutro)","-- / 0","","4 - Concordo parcialmente","-- / 0","","3 - Indiferente (Neutro)","-- / 0","","5 - Concordo totalmente","-- / 0","","4 - Concordo parcialmente","-- / 0","","3 - Indiferente (Neutro)","-- / 0","","2 - Discordo parcialmente","-- / 0","","3 - Indiferente (Neutro)","-- / 0","","2 - Discordo parcialmente","-- / 0","","4 - Concordo parcialmente","-- / 0","","3 - Indiferente (Neutro)","-- / 0","","3 - Indiferente (Neutro)","-- / 0","","4 - Concordo parcialmente","-- / 0","","2 - Discordo parcialmente","-- / 0","","2 - Discordo parcialmente","-- / 0","","Tive dificuldade em encontrar a fundamentação que procurei. Acredito que para usar precisa ter um treinamento ou pratica.","-- / 0",""
"2023/11/06 6:43:06 PM GMT-3","0.00 / 0","5 - Concordo totalmente","-- / 0","","5 - Concordo totalmente","-- / 0","","5 - Concordo totalmente","-- / 0","","5 - Concordo totalmente","-- / 0","","5 - Concordo totalmente","-- / 0","","5 - Concordo totalmente","-- / 0","","5 - Concordo totalmente","-- / 0","","1 - Discordo totalmente","-- / 0","","3 - Indiferente (Neutro)","-- / 0","","1 - Discordo totalmente","-- / 0","","5 - Concordo totalmente","-- / 0","","5 - Concordo totalmente","-- / 0","","1 - Discordo totalmente","-- / 0","","5 - Concordo totalmente","-- / 0","","4 - Concordo parcialmente","-- / 0","","3 - Indiferente (Neutro)","-- / 0","","5 - Concordo totalmente","-- / 0","","5 - Concordo totalmente","-- / 0","","5 - Concordo totalmente","-- / 0","","3 - Indiferente (Neutro)","-- / 0","","Sistema muito bom, precisa estar sempre atualizado, mas gostei muito.","-- / 0",""
"2023/11/06 6:43:11 PM GMT-3","0.00 / 0","5 - Concordo totalmente","-- / 0","","5 - Concordo totalmente","-- / 0","","5 - Concordo totalmente","-- / 0","","5 - Concordo totalmente","-- / 0","","5 - Concordo totalmente","-- / 0","","5 - Concordo totalmente","-- / 0","","5 - Concordo totalmente","-- / 0","","5 - Concordo totalmente","-- / 0","","5 - Concordo totalmente","-- / 0","","5 - Concordo totalmente","-- / 0","","5 - Concordo totalmente","-- / 0","","5 - Concordo totalmente","-- / 0","","5 - Concordo totalmente","-- / 0","","5 - Concordo totalmente","-- / 0","","5 - Concordo totalmente","-- / 0","","5 - Concordo totalmente","-- / 0","","5 - Concordo totalmente","-- / 0","","5 - Concordo totalmente","-- / 0","","5 - Concordo totalmente","-- / 0","","5 - Concordo totalmente","-- / 0","","Nenhuma","-- / 0",""
"2023/11/06 6:44:01 PM GMT-3","0.00 / 0","5 - Concordo totalmente","-- / 0","","2 - Discordo parcialmente","-- / 0","","3 - Indiferente (Neutro)","-- / 0","","4 - Concordo parcialmente","-- / 0","","3 - Indiferente (Neutro)","-- / 0","","5 - Concordo totalmente","-- / 0","","4 - Concordo parcialmente","-- / 0","","3 - Indiferente (Neutro)","-- / 0","","4 - Concordo parcialmente","-- / 0","","4 - Concordo parcialmente","-- / 0","","1 - Discordo totalmente","-- / 0","","4 - Concordo parcialmente","-- / 0","","1 - Discordo totalmente","-- / 0","","4 - Concordo parcialmente","-- / 0","","3 - Indiferente (Neutro)","-- / 0","","4 - Concordo parcialmente","-- / 0","","4 - Concordo parcialmente","-- / 0","","4 - Concordo parcialmente","-- / 0","","4 - Concordo parcialmente","-- / 0","","5 - Concordo totalmente","-- / 0","","não","-- / 0",""
"2023/11/06 6:46:13 PM GMT-3","0.00 / 0","2 - Discordo parcialmente","-- / 0","","4 - Concordo parcialmente","-- / 0","","4 - Concordo parcialmente","-- / 0","","4 - Concordo parcialmente","-- / 0","","2 - Discordo parcialmente","-- / 0","","2 - Discordo parcialmente","-- / 0","","2 - Discordo parcialmente","-- / 0","","4 - Concordo parcialmente","-- / 0","","4 - Concordo parcialmente","-- / 0","","2 - Discordo parcialmente","-- / 0","","4 - Concordo parcialmente","-- / 0","","4 - Concordo parcialmente","-- / 0","","2 - Discordo parcialmente","-- / 0","","2 - Discordo parcialmente","-- / 0","","2 - Discordo parcialmente","-- / 0","","4 - Concordo parcialmente","-- / 0","","2 - Discordo parcialmente","-- / 0","","3 - Indiferente (Neutro)","-- / 0","","4 - Concordo parcialmente","-- / 0","","2 - Discordo parcialmente","-- / 0","","O software mostrou-se muito lento, impossibilitando o seu uso no momento da elaboração da peça. Apenas, depois de um tempo considerável ele reconheceu os artigos utilizados.","-- / 0",""
"2023/11/06 6:47:57 PM GMT-3","0.00 / 0","4 - Concordo parcialmente","-- / 0","","4 - Concordo parcialmente","-- / 0","","3 - Indiferente (Neutro)","-- / 0","","5 - Concordo totalmente","-- / 0","","3 - Indiferente (Neutro)","-- / 0","","5 - Concordo totalmente","-- / 0","","2 - Discordo parcialmente","-- / 0","","2 - Discordo parcialmente","-- / 0","","2 - Discordo parcialmente","-- / 0","","3 - Indiferente (Neutro)","-- / 0","","2 - Discordo parcialmente","-- / 0","","4 - Concordo parcialmente","-- / 0","","2 - Discordo parcialmente","-- / 0","","3 - Indiferente (Neutro)","-- / 0","","2 - Discordo parcialmente","-- / 0","","3 - Indiferente (Neutro)","-- / 0","","3 - Indiferente (Neutro)","-- / 0","","4 - Concordo parcialmente","-- / 0","","4 - Concordo parcialmente","-- / 0","","4 - Concordo parcialmente","-- / 0","","O aprimoramento do sistema em identificar os Artigos e a possibilidade de quando aberto a caixa de informações sobre o artigo ou lei seja possível a interação com o texto da página  ","-- / 0",""
"2023/11/06 6:48:16 PM GMT-3","0.00 / 0","4 - Concordo parcialmente","-- / 0","","2 - Discordo parcialmente","-- / 0","","5 - Concordo totalmente","-- / 0","","4 - Concordo parcialmente","-- / 0","","4 - Concordo parcialmente","-- / 0","","4 - Concordo parcialmente","-- / 0","","4 - Concordo parcialmente","-- / 0","","2 - Discordo parcialmente","-- / 0","","1 - Discordo totalmente","-- / 0","","3 - Indiferente (Neutro)","-- / 0","","1 - Discordo totalmente","-- / 0","","5 - Concordo totalmente","-- / 0","","1 - Discordo totalmente","-- / 0","","2 - Discordo parcialmente","-- / 0","","1 - Discordo totalmente","-- / 0","","4 - Concordo parcialmente","-- / 0","","4 - Concordo parcialmente","-- / 0","","4 - Concordo parcialmente","-- / 0","","5 - Concordo totalmente","-- / 0","","4 - Concordo parcialmente","-- / 0","","Ajudou na elaboração da parte processual, mas pode melhorar com um filtro para encontrar decisões judiciais mais especificas com o tema abordado.","-- / 0",""
"2023/11/06 6:50:02 PM GMT-3","0.00 / 0","4 - Concordo parcialmente","-- / 0","","3 - Indiferente (Neutro)","-- / 0","","3 - Indiferente (Neutro)","-- / 0","","5 - Concordo totalmente","-- / 0","","3 - Indiferente (Neutro)","-- / 0","","3 - Indiferente (Neutro)","-- / 0","","3 - Indiferente (Neutro)","-- / 0","","3 - Indiferente (Neutro)","-- / 0","","5 - Concordo totalmente","-- / 0","","3 - Indiferente (Neutro)","-- / 0","","3 - Indiferente (Neutro)","-- / 0","","2 - Discordo parcialmente","-- / 0","","3 - Indiferente (Neutro)","-- / 0","","3 - Indiferente (Neutro)","-- / 0","","3 - Indiferente (Neutro)","-- / 0","","3 - Indiferente (Neutro)","-- / 0","","3 - Indiferente (Neutro)","-- / 0","","3 - Indiferente (Neutro)","-- / 0","","3 - Indiferente (Neutro)","-- / 0","","3 - Indiferente (Neutro)","-- / 0","",".","-- / 0",""
"2023/11/06 6:50:32 PM GMT-3","0.00 / 0","4 - Concordo parcialmente","-- / 0","","4 - Concordo parcialmente","-- / 0","","5 - Concordo totalmente","-- / 0","","4 - Concordo parcialmente","-- / 0","","4 - Concordo parcialmente","-- / 0","","4 - Concordo parcialmente","-- / 0","","4 - Concordo parcialmente","-- / 0","","1 - Discordo totalmente","-- / 0","","1 - Discordo totalmente","-- / 0","","2 - Discordo parcialmente","-- / 0","","1 - Discordo totalmente","-- / 0","","4 - Concordo parcialmente","-- / 0","","1 - Discordo totalmente","-- / 0","","2 - Discordo parcialmente","-- / 0","","2 - Discordo parcialmente","-- / 0","","4 - Concordo parcialmente","-- / 0","","5 - Concordo totalmente","-- / 0","","5 - Concordo totalmente","-- / 0","","5 - Concordo totalmente","-- / 0","","4 - Concordo parcialmente","-- / 0","","Ajuda na elaboração das peças jurídicas, contudo poderia dispor de filtros para especificar o tema/assunto, ano, ementas, etc. ","-- / 0",""
"2023/11/06 6:52:31 PM GMT-3","0.00 / 0","4 - Concordo parcialmente","-- / 0","","4 - Concordo parcialmente","-- / 0","","4 - Concordo parcialmente","-- / 0","","3 - Indiferente (Neutro)","-- / 0","","3 - Indiferente (Neutro)","-- / 0","","4 - Concordo parcialmente","-- / 0","","4 - Concordo parcialmente","-- / 0","","3 - Indiferente (Neutro)","-- / 0","","4 - Concordo parcialmente","-- / 0","","3 - Indiferente (Neutro)","-- / 0","","3 - Indiferente (Neutro)","-- / 0","","5 - Concordo totalmente","-- / 0","","5 - Concordo totalmente","-- / 0","","4 - Concordo parcialmente","-- / 0","","4 - Concordo parcialmente","-- / 0","","4 - Concordo parcialmente","-- / 0","","3 - Indiferente (Neutro)","-- / 0","","4 - Concordo parcialmente","-- / 0","","4 - Concordo parcialmente","-- / 0","","3 - Indiferente (Neutro)","-- / 0","","Diante teste rápido foi muito valido.","-- / 0",""
"2023/11/06 6:53:54 PM GMT-3","0.00 / 0","3 - Indiferente (Neutro)","-- / 0","","3 - Indiferente (Neutro)","-- / 0","","3 - Indiferente (Neutro)","-- / 0","","3 - Indiferente (Neutro)","-- / 0","","4 - Concordo parcialmente","-- / 0","","3 - Indiferente (Neutro)","-- / 0","","3 - Indiferente (Neutro)","-- / 0","","3 - Indiferente (Neutro)","-- / 0","","3 - Indiferente (Neutro)","-- / 0","","3 - Indiferente (Neutro)","-- / 0","","3 - Indiferente (Neutro)","-- / 0","","3 - Indiferente (Neutro)","-- / 0","","4 - Concordo parcialmente","-- / 0","","3 - Indiferente (Neutro)","-- / 0","","3 - Indiferente (Neutro)","-- / 0","","3 - Indiferente (Neutro)","-- / 0","","3 - Indiferente (Neutro)","-- / 0","","3 - Indiferente (Neutro)","-- / 0","","3 - Indiferente (Neutro)","-- / 0","","3 - Indiferente (Neutro)","-- / 0","","1ª Avaliação de teste","-- / 0",""
"2023/11/06 7:57:16 PM GMT-3","0.00 / 0","5 - Concordo totalmente","-- / 0","","5 - Concordo totalmente","-- / 0","","5 - Concordo totalmente","-- / 0","","5 - Concordo totalmente","-- / 0","","5 - Concordo totalmente","-- / 0","","5 - Concordo totalmente","-- / 0","","5 - Concordo totalmente","-- / 0","","5 - Concordo totalmente","-- / 0","","5 - Concordo totalmente","-- / 0","","5 - Concordo totalmente","-- / 0","","5 - Concordo totalmente","-- / 0","","5 - Concordo totalmente","-- / 0","","5 - Concordo totalmente","-- / 0","","5 - Concordo totalmente","-- / 0","","5 - Concordo totalmente","-- / 0","","5 - Concordo totalmente","-- / 0","","5 - Concordo totalmente","-- / 0","","5 - Concordo totalmente","-- / 0","","5 - Concordo totalmente","-- / 0","","5 - Concordo totalmente","-- / 0","","Não","-- / 0",""
"2023/11/06 7:59:55 PM GMT-3","0.00 / 0","4 - Concordo parcialmente","-- / 0","","1 - Discordo totalmente","-- / 0","","5 - Concordo totalmente","-- / 0","","5 - Concordo totalmente","-- / 0","","5 - Concordo totalmente","-- / 0","","5 - Concordo totalmente","-- / 0","","5 - Concordo totalmente","-- / 0","","1 - Discordo totalmente","-- / 0","","4 - Concordo parcialmente","-- / 0","","5 - Concordo totalmente","-- / 0","","2 - Discordo parcialmente","-- / 0","","2 - Discordo parcialmente","-- / 0","","2 - Discordo parcialmente","-- / 0","","4 - Concordo parcialmente","-- / 0","","2 - Discordo parcialmente","-- / 0","","5 - Concordo totalmente","-- / 0","","5 - Concordo totalmente","-- / 0","","5 - Concordo totalmente","-- / 0","","5 - Concordo totalmente","-- / 0","","5 - Concordo totalmente","-- / 0","","não","-- / 0",""
"2023/11/06 8:01:12 PM GMT-3","0.00 / 0","5 - Concordo totalmente","-- / 0","","4 - Concordo parcialmente","-- / 0","","5 - Concordo totalmente","-- / 0","","4 - Concordo parcialmente","-- / 0","","5 - Concordo totalmente","-- / 0","","5 - Concordo totalmente","-- / 0","","5 - Concordo totalmente","-- / 0","","1 - Discordo totalmente","-- / 0","","4 - Concordo parcialmente","-- / 0","","4 - Concordo parcialmente","-- / 0","","4 - Concordo parcialmente","-- / 0","","5 - Concordo totalmente","-- / 0","","1 - Discordo totalmente","-- / 0","","5 - Concordo totalmente","-- / 0","","1 - Discordo totalmente","-- / 0","","5 - Concordo totalmente","-- / 0","","5 - Concordo totalmente","-- / 0","","5 - Concordo totalmente","-- / 0","","5 - Concordo totalmente","-- / 0","","4 - Concordo parcialmente","-- / 0","","O software apresentou  dificuldade de integração de informações de Decretos Federais, assim como não identificava artigos do tipo ""A"" ou ""B"", a exemplo do artigo 396-A do CPP que o software não identificou.","-- / 0",""
"2023/11/06 8:03:02 PM GMT-3","0.00 / 0","4 - Concordo parcialmente","-- / 0","","3 - Indiferente (Neutro)","-- / 0","","5 - Concordo totalmente","-- / 0","","5 - Concordo totalmente","-- / 0","","4 - Concordo parcialmente","-- / 0","","3 - Indiferente (Neutro)","-- / 0","","3 - Indiferente (Neutro)","-- / 0","","1 - Discordo totalmente","-- / 0","","1 - Discordo totalmente","-- / 0","","2 - Discordo parcialmente","-- / 0","","2 - Discordo parcialmente","-- / 0","","4 - Concordo parcialmente","-- / 0","","1 - Discordo totalmente","-- / 0","","3 - Indiferente (Neutro)","-- / 0","","1 - Discordo totalmente","-- / 0","","4 - Concordo parcialmente","-- / 0","","3 - Indiferente (Neutro)","-- / 0","","5 - Concordo totalmente","-- / 0","","4 - Concordo parcialmente","-- / 0","","5 - Concordo totalmente","-- / 0","","aperfeiçoar a inteligência para apresentar mais uma norma simultaneamente e buscar a norma pelo nome comumente utilizado (ex: código penal).","-- / 0",""
"2023/11/06 8:04:35 PM GMT-3","0.00 / 0","4 - Concordo parcialmente","-- / 0","","2 - Discordo parcialmente","-- / 0","","4 - Concordo parcialmente","-- / 0","","5 - Concordo totalmente","-- / 0","","3 - Indiferente (Neutro)","-- / 0","","4 - Concordo parcialmente","-- / 0","","4 - Concordo parcialmente","-- / 0","","1 - Discordo totalmente","-- / 0","","2 - Discordo parcialmente","-- / 0","","2 - Discordo parcialmente","-- / 0","","2 - Discordo parcialmente","-- / 0","","5 - Concordo totalmente","-- / 0","","1 - Discordo totalmente","-- / 0","","3 - Indiferente (Neutro)","-- / 0","","2 - Discordo parcialmente","-- / 0","","4 - Concordo parcialmente","-- / 0","","3 - Indiferente (Neutro)","-- / 0","","4 - Concordo parcialmente","-- / 0","","4 - Concordo parcialmente","-- / 0","","4 - Concordo parcialmente","-- / 0","","Ao aplicar a lei e inserir o inciso o software não reconhece e não puxa a mesma.","-- / 0",""
"2023/11/06 8:05:11 PM GMT-3","0.00 / 0","2 - Discordo parcialmente","-- / 0","","4 - Concordo parcialmente","-- / 0","","1 - Discordo totalmente","-- / 0","","1 - Discordo totalmente","-- / 0","","1 - Discordo totalmente","-- / 0","","2 - Discordo parcialmente","-- / 0","","2 - Discordo parcialmente","-- / 0","","4 - Concordo parcialmente","-- / 0","","5 - Concordo totalmente","-- / 0","","1 - Discordo totalmente","-- / 0","","5 - Concordo totalmente","-- / 0","","2 - Discordo parcialmente","-- / 0","","4 - Concordo parcialmente","-- / 0","","1 - Discordo totalmente","-- / 0","","5 - Concordo totalmente","-- / 0","","1 - Discordo totalmente","-- / 0","","2 - Discordo parcialmente","-- / 0","","2 - Discordo parcialmente","-- / 0","","2 - Discordo parcialmente","-- / 0","","2 - Discordo parcialmente","-- / 0","","Achei muito complicado o uso do software e as explicações iniciais não foram claras.","-- / 0",""
"2023/11/06 8:05:22 PM GMT-3","0.00 / 0","5 - Concordo totalmente","-- / 0","","1 - Discordo totalmente","-- / 0","","5 - Concordo totalmente","-- / 0","","4 - Concordo parcialmente","-- / 0","","4 - Concordo parcialmente","-- / 0","","4 - Concordo parcialmente","-- / 0","","5 - Concordo totalmente","-- / 0","","1 - Discordo totalmente","-- / 0","","4 - Concordo parcialmente","-- / 0","","4 - Concordo parcialmente","-- / 0","","1 - Discordo totalmente","-- / 0","","5 - Concordo totalmente","-- / 0","","1 - Discordo totalmente","-- / 0","","5 - Concordo totalmente","-- / 0","","4 - Concordo parcialmente","-- / 0","","4 - Concordo parcialmente","-- / 0","","5 - Concordo totalmente","-- / 0","","5 - Concordo totalmente","-- / 0","","5 - Concordo totalmente","-- / 0","","5 - Concordo totalmente","-- / 0","","Senti dificuldade quando copiava um texto, a palavra copiada não aparecia.","-- / 0",""
"2023/11/06 8:06:06 PM GMT-3","0.00 / 0","4 - Concordo parcialmente","-- / 0","","4 - Concordo parcialmente","-- / 0","","5 - Concordo totalmente","-- / 0","","4 - Concordo parcialmente","-- / 0","","5 - Concordo totalmente","-- / 0","","4 - Concordo parcialmente","-- / 0","","5 - Concordo totalmente","-- / 0","","3 - Indiferente (Neutro)","-- / 0","","2 - Discordo parcialmente","-- / 0","","3 - Indiferente (Neutro)","-- / 0","","2 - Discordo parcialmente","-- / 0","","2 - Discordo parcialmente","-- / 0","","2 - Discordo parcialmente","-- / 0","","5 - Concordo totalmente","-- / 0","","2 - Discordo parcialmente","-- / 0","","4 - Concordo parcialmente","-- / 0","","4 - Concordo parcialmente","-- / 0","","2 - Discordo parcialmente","-- / 0","","4 - Concordo parcialmente","-- / 0","","2 - Discordo parcialmente","-- / 0","","Acredito que poderia aumentar a velocidade de aparição dos artigos desejados, como numa busca Google. Não necessitar do uso do ''Art.'' com A maiúsculo, poder englobar o minúsculo também. Ter um botão de dúvidas e/ou envio de feedbacks para tornar as ferramentas mais didáticas/intuitivas ou sugerir mudanças. Não gosto de encontrar o artigo e não ver também os incisos atrelados, gosto da informação completa, sem diminuir a fonte, mas com uma opção de barra para abaixar e encontrar o texto restante.","-- / 0",""
"2023/11/06 8:09:15 PM GMT-3","0.00 / 0","4 - Concordo parcialmente","-- / 0","","4 - Concordo parcialmente","-- / 0","","5 - Concordo totalmente","-- / 0","","5 - Concordo totalmente","-- / 0","","5 - Concordo totalmente","-- / 0","","5 - Concordo totalmente","-- / 0","","5 - Concordo totalmente","-- / 0","","1 - Discordo totalmente","-- / 0","","1 - Discordo totalmente","-- / 0","","4 - Concordo parcialmente","-- / 0","","1 - Discordo totalmente","-- / 0","","4 - Concordo parcialmente","-- / 0","","1 - Discordo totalmente","-- / 0","","4 - Concordo parcialmente","-- / 0","","1 - Discordo totalmente","-- / 0","","5 - Concordo totalmente","-- / 0","","4 - Concordo parcialmente","-- / 0","","5 - Concordo totalmente","-- / 0","","5 - Concordo totalmente","-- / 0","","5 - Concordo totalmente","-- / 0","","Está perfeita, só precisa ser aumentado a banca de artigos, principalmente seus incisos e parágrafos","-- / 0",""
"2023/11/06 8:12:32 PM GMT-3","0.00 / 0","4 - Concordo parcialmente","-- / 0","","1 - Discordo totalmente","-- / 0","","5 - Concordo totalmente","-- / 0","","4 - Concordo parcialmente","-- / 0","","3 - Indiferente (Neutro)","-- / 0","","3 - Indiferente (Neutro)","-- / 0","","4 - Concordo parcialmente","-- / 0","","2 - Discordo parcialmente","-- / 0","","5 - Concordo totalmente","-- / 0","","4 - Concordo parcialmente","-- / 0","","4 - Concordo parcialmente","-- / 0","","5 - Concordo totalmente","-- / 0","","4 - Concordo parcialmente","-- / 0","","2 - Discordo parcialmente","-- / 0","","5 - Concordo totalmente","-- / 0","","4 - Concordo parcialmente","-- / 0","","1 - Discordo totalmente","-- / 0","","4 - Concordo parcialmente","-- / 0","","5 - Concordo totalmente","-- / 0","","4 - Concordo parcialmente","-- / 0","","A opção de colocar palavras-chave à pesquisa jurisprudencial, além de estarem presentes todos os artigos dos principais códigos.","-- / 0",""
"2023/11/06 8:15:11 PM GMT-3","0.00 / 0","5 - Concordo totalmente","-- / 0","","5 - Concordo totalmente","-- / 0","","5 - Concordo totalmente","-- / 0","","5 - Concordo totalmente","-- / 0","","5 - Concordo totalmente","-- / 0","","5 - Concordo totalmente","-- / 0","","5 - Concordo totalmente","-- / 0","","5 - Concordo totalmente","-- / 0","","5 - Concordo totalmente","-- / 0","","5 - Concordo totalmente","-- / 0","","5 - Concordo totalmente","-- / 0","","5 - Concordo totalmente","-- / 0","","5 - Concordo totalmente","-- / 0","","5 - Concordo totalmente","-- / 0","","5 - Concordo totalmente","-- / 0","","5 - Concordo totalmente","-- / 0","","5 - Concordo totalmente","-- / 0","","5 - Concordo totalmente","-- / 0","","5 - Concordo totalmente","-- / 0","","5 - Concordo totalmente","-- / 0","","é uma ótima ia","-- / 0",""
"2023/11/06 8:15:34 PM GMT-3","0.00 / 0","5 - Concordo totalmente","-- / 0","","1 - Discordo totalmente","-- / 0","","5 - Concordo totalmente","-- / 0","","5 - Concordo totalmente","-- / 0","","5 - Concordo totalmente","-- / 0","","5 - Concordo totalmente","-- / 0","","5 - Concordo totalmente","-- / 0","","1 - Discordo totalmente","-- / 0","","1 - Discordo totalmente","-- / 0","","5 - Concordo totalmente","-- / 0","","1 - Discordo totalmente","-- / 0","","5 - Concordo totalmente","-- / 0","","1 - Discordo totalmente","-- / 0","","5 - Concordo totalmente","-- / 0","","1 - Discordo totalmente","-- / 0","","5 - Concordo totalmente","-- / 0","","5 - Concordo totalmente","-- / 0","","5 - Concordo totalmente","-- / 0","","5 - Concordo totalmente","-- / 0","","5 - Concordo totalmente","-- / 0","","QUERO USAR","-- / 0",""
"2023/11/06 8:19:19 PM GMT-3","0.00 / 0","4 - Concordo parcialmente","-- / 0","","4 - Concordo parcialmente","-- / 0","","4 - Concordo parcialmente","-- / 0","","4 - Concordo parcialmente","-- / 0","","4 - Concordo parcialmente","-- / 0","","4 - Concordo parcialmente","-- / 0","","4 - Concordo parcialmente","-- / 0","","4 - Concordo parcialmente","-- / 0","","4 - Concordo parcialmente","-- / 0","","4 - Concordo parcialmente","-- / 0","","4 - Concordo parcialmente","-- / 0","","4 - Concordo parcialmente","-- / 0","","4 - Concordo parcialmente","-- / 0","","4 - Concordo parcialmente","-- / 0","","4 - Concordo parcialmente","-- / 0","","4 - Concordo parcialmente","-- / 0","","4 - Concordo parcialmente","-- / 0","","4 - Concordo parcialmente","-- / 0","","4 - Concordo parcialmente","-- / 0","","4 - Concordo parcialmente","-- / 0","","A  ferramenta e adequada, entretanto os alunos poderão ficar mais medíocres por falta de leitura","-- / 0",""
"2023/11/06 8:29:48 PM GMT-3","0.00 / 0","4 - Concordo parcialmente","-- / 0","","2 - Discordo parcialmente","-- / 0","","4 - Concordo parcialmente","-- / 0","","5 - Concordo totalmente","-- / 0","","4 - Concordo parcialmente","-- / 0","","5 - Concordo totalmente","-- / 0","","3 - Indiferente (Neutro)","-- / 0","","1 - Discordo totalmente","-- / 0","","2 - Discordo parcialmente","-- / 0","","4 - Concordo parcialmente","-- / 0","","1 - Discordo totalmente","-- / 0","","1 - Discordo totalmente","-- / 0","","3 - Indiferente (Neutro)","-- / 0","","1 - Discordo totalmente","-- / 0","","5 - Concordo totalmente","-- / 0","","3 - Indiferente (Neutro)","-- / 0","","4 - Concordo parcialmente","-- / 0","","1 - Discordo totalmente","-- / 0","","5 - Concordo totalmente","-- / 0","","3 - Indiferente (Neutro)","-- / 0","","Achei legal, é pratico","-- / 0",""
"2023/11/06 8:47:40 PM GMT-3","0.00 / 0","5 - Concordo totalmente","-- / 0","","2 - Discordo parcialmente","-- / 0","","5 - Concordo totalmente","-- / 0","","5 - Concordo totalmente","-- / 0","","5 - Concordo totalmente","-- / 0","","5 - Concordo totalmente","-- / 0","","5 - Concordo totalmente","-- / 0","","1 - Discordo totalmente","-- / 0","","1 - Discordo totalmente","-- / 0","","5 - Concordo totalmente","-- / 0","","1 - Discordo totalmente","-- / 0","","5 - Concordo totalmente","-- / 0","","1 - Discordo totalmente","-- / 0","","5 - Concordo totalmente","-- / 0","","1 - Discordo totalmente","-- / 0","","5 - Concordo totalmente","-- / 0","","5 - Concordo totalmente","-- / 0","","5 - Concordo totalmente","-- / 0","","5 - Concordo totalmente","-- / 0","","5 - Concordo totalmente","-- / 0","","Sincronização online dos dados inseridos, para evitar a perda de dados.","-- / 0",""
"2023/11/07 8:22:51 PM GMT-3","0.00 / 0","4 - Concordo parcialmente","-- / 0","","4 - Concordo parcialmente","-- / 0","","4 - Concordo parcialmente","-- / 0","","5 - Concordo totalmente","-- / 0","","4 - Concordo parcialmente","-- / 0","","5 - Concordo totalmente","-- / 0","","5 - Concordo totalmente","-- / 0","","3 - Indiferente (Neutro)","-- / 0","","5 - Concordo totalmente","-- / 0","","4 - Concordo parcialmente","-- / 0","","1 - Discordo totalmente","-- / 0","","3 - Indiferente (Neutro)","-- / 0","","2 - Discordo parcialmente","-- / 0","","3 - Indiferente (Neutro)","-- / 0","","2 - Discordo parcialmente","-- / 0","","4 - Concordo parcialmente","-- / 0","","2 - Discordo parcialmente","-- / 0","","4 - Concordo parcialmente","-- / 0","","5 - Concordo totalmente","-- / 0","","4 - Concordo parcialmente","-- / 0","","Ser mais intuitivo ao apresentar as ferramentas que o software possui. Sugestão: ter um vídeo mostrando o passo a passo de todas as suas  funcionalidades e como elas podem ser usadas. ","-- / 0",""
"2023/11/07 8:24:00 PM GMT-3","0.00 / 0","4 - Concordo parcialmente","-- / 0","","3 - Indiferente (Neutro)","-- / 0","","4 - Concordo parcialmente","-- / 0","","4 - Concordo parcialmente","-- / 0","","4 - Concordo parcialmente","-- / 0","","4 - Concordo parcialmente","-- / 0","","3 - Indiferente (Neutro)","-- / 0","","3 - Indiferente (Neutro)","-- / 0","","3 - Indiferente (Neutro)","-- / 0","","3 - Indiferente (Neutro)","-- / 0","","3 - Indiferente (Neutro)","-- / 0","","3 - Indiferente (Neutro)","-- / 0","","3 - Indiferente (Neutro)","-- / 0","","2 - Discordo parcialmente","-- / 0","","2 - Discordo parcialmente","-- / 0","","3 - Indiferente (Neutro)","-- / 0","","2 - Discordo parcialmente","-- / 0","","2 - Discordo parcialmente","-- / 0","","3 - Indiferente (Neutro)","-- / 0","","3 - Indiferente (Neutro)","-- / 0","","Uma ferramenta muito produtiva e acredito que sendo devidamente aprimorada possa ser de grande valia.

Algumas melhorias podem ser elaboradas, quais sejam: presença de súmulas, melhor formatação dos artigos, maior interação da ferramenta, dentre outras questões.

No mais, acredito que possa ser muito proveitosa e de grande importância quando devidamente corrigida.","-- / 0",""
"2023/11/07 8:27:23 PM GMT-3","0.00 / 0","3 - Indiferente (Neutro)","-- / 0","","4 - Concordo parcialmente","-- / 0","","5 - Concordo totalmente","-- / 0","","1 - Discordo totalmente","-- / 0","","3 - Indiferente (Neutro)","-- / 0","","1 - Discordo totalmente","-- / 0","","1 - Discordo totalmente","-- / 0","","3 - Indiferente (Neutro)","-- / 0","","3 - Indiferente (Neutro)","-- / 0","","2 - Discordo parcialmente","-- / 0","","5 - Concordo totalmente","-- / 0","","3 - Indiferente (Neutro)","-- / 0","","3 - Indiferente (Neutro)","-- / 0","","1 - Discordo totalmente","-- / 0","","5 - Concordo totalmente","-- / 0","","3 - Indiferente (Neutro)","-- / 0","","1 - Discordo totalmente","-- / 0","","3 - Indiferente (Neutro)","-- / 0","","3 - Indiferente (Neutro)","-- / 0","","2 - Discordo parcialmente","-- / 0","","O software é lento e não auxilia na rapidez da produção de peças processuais","-- / 0",""
"2023/11/07 8:28:04 PM GMT-3","0.00 / 0","3 - Indiferente (Neutro)","-- / 0","","4 - Concordo parcialmente","-- / 0","","5 - Concordo totalmente","-- / 0","","3 - Indiferente (Neutro)","-- / 0","","2 - Discordo parcialmente","-- / 0","","3 - Indiferente (Neutro)","-- / 0","","1 - Discordo totalmente","-- / 0","","3 - Indiferente (Neutro)","-- / 0","","3 - Indiferente (Neutro)","-- / 0","","1 - Discordo totalmente","-- / 0","","4 - Concordo parcialmente","-- / 0","","2 - Discordo parcialmente","-- / 0","","4 - Concordo parcialmente","-- / 0","","2 - Discordo parcialmente","-- / 0","","2 - Discordo parcialmente","-- / 0","","1 - Discordo totalmente","-- / 0","","1 - Discordo totalmente","-- / 0","","3 - Indiferente (Neutro)","-- / 0","","4 - Concordo parcialmente","-- / 0","","3 - Indiferente (Neutro)","-- / 0","","Não difere muito de dispositivos que já existem para a pesquisa. A demora e a dificuldade para que apareçam os dispositivos legais faz com que o usuário busque por métodos mais antigos, como a pesquisa na legislação ou em sites dos tribunais de justiça. Acredito que seria mais eficaz se, ao invés de oferecer o dispositivo, redigisse o texto conforme o usuário escreve os artigos.","-- / 0",""
"2023/11/07 8:28:30 PM GMT-3","0.00 / 0","4 - Concordo parcialmente","-- / 0","","5 - Concordo totalmente","-- / 0","","2 - Discordo parcialmente","-- / 0","","4 - Concordo parcialmente","-- / 0","","2 - Discordo parcialmente","-- / 0","","3 - Indiferente (Neutro)","-- / 0","","2 - Discordo parcialmente","-- / 0","","4 - Concordo parcialmente","-- / 0","","5 - Concordo totalmente","-- / 0","","2 - Discordo parcialmente","-- / 0","","5 - Concordo totalmente","-- / 0","","2 - Discordo parcialmente","-- / 0","","4 - Concordo parcialmente","-- / 0","","2 - Discordo parcialmente","-- / 0","","4 - Concordo parcialmente","-- / 0","","2 - Discordo parcialmente","-- / 0","","1 - Discordo totalmente","-- / 0","","4 - Concordo parcialmente","-- / 0","","4 - Concordo parcialmente","-- / 0","","4 - Concordo parcialmente","-- / 0","","Que tenha as opções de formatação de texto e correção ortográfica, bem como,  que apareça os artigos e os incisos da lei e as jurisprudências como sugestões automáticas. ","-- / 0",""
"2023/11/07 8:30:51 PM GMT-3","0.00 / 0","4 - Concordo parcialmente","-- / 0","","4 - Concordo parcialmente","-- / 0","","5 - Concordo totalmente","-- / 0","","4 - Concordo parcialmente","-- / 0","","2 - Discordo parcialmente","-- / 0","","4 - Concordo parcialmente","-- / 0","","3 - Indiferente (Neutro)","-- / 0","","1 - Discordo totalmente","-- / 0","","2 - Discordo parcialmente","-- / 0","","4 - Concordo parcialmente","-- / 0","","2 - Discordo parcialmente","-- / 0","","4 - Concordo parcialmente","-- / 0","","1 - Discordo totalmente","-- / 0","","3 - Indiferente (Neutro)","-- / 0","","1 - Discordo totalmente","-- / 0","","4 - Concordo parcialmente","-- / 0","","4 - Concordo parcialmente","-- / 0","","5 - Concordo totalmente","-- / 0","","4 - Concordo parcialmente","-- / 0","","5 - Concordo totalmente","-- / 0","","Aumentar o número de jurisprudências.","-- / 0",""
"2023/11/07 8:32:03 PM GMT-3","0.00 / 0","5 - Concordo totalmente","-- / 0","","5 - Concordo totalmente","-- / 0","","5 - Concordo totalmente","-- / 0","","5 - Concordo totalmente","-- / 0","","5 - Concordo totalmente","-- / 0","","5 - Concordo totalmente","-- / 0","","5 - Concordo totalmente","-- / 0","","5 - Concordo totalmente","-- / 0","","5 - Concordo totalmente","-- / 0","","5 - Concordo totalmente","-- / 0","","2 - Discordo parcialmente","-- / 0","","5 - Concordo totalmente","-- / 0","","2 - Discordo parcialmente","-- / 0","","4 - Concordo parcialmente","-- / 0","","4 - Concordo parcialmente","-- / 0","","3 - Indiferente (Neutro)","-- / 0","","3 - Indiferente (Neutro)","-- / 0","","4 - Concordo parcialmente","-- / 0","","4 - Concordo parcialmente","-- / 0","","4 - Concordo parcialmente","-- / 0","","Excelente!","-- / 0",""
"2023/11/07 8:34:18 PM GMT-3","0.00 / 0","4 - Concordo parcialmente","-- / 0","","4 - Concordo parcialmente","-- / 0","","2 - Discordo parcialmente","-- / 0","","4 - Concordo parcialmente","-- / 0","","3 - Indiferente (Neutro)","-- / 0","","3 - Indiferente (Neutro)","-- / 0","","2 - Discordo parcialmente","-- / 0","","4 - Concordo parcialmente","-- / 0","","5 - Concordo totalmente","-- / 0","","4 - Concordo parcialmente","-- / 0","","3 - Indiferente (Neutro)","-- / 0","","2 - Discordo parcialmente","-- / 0","","3 - Indiferente (Neutro)","-- / 0","","3 - Indiferente (Neutro)","-- / 0","","4 - Concordo parcialmente","-- / 0","","4 - Concordo parcialmente","-- / 0","","1 - Discordo totalmente","-- / 0","","4 - Concordo parcialmente","-- / 0","","4 - Concordo parcialmente","-- / 0","","1 - Discordo totalmente","-- / 0","","Com relação aos julgados, não vi jurisprudências do STF. Também seria interessante filtrar, por meio de palavras-chave. 

Os artigos não aparecem completos, quando colocados somente, por exemplo, art. 50 do CP, só aparece o início do artigo. Para aparecer incisos e alíneas é preciso escrever uma a uma, o que dificulta. 

A plataforma trava e os artigos não aparecem. ","-- / 0",""
"2023/11/07 8:36:52 PM GMT-3","0.00 / 0","4 - Concordo parcialmente","-- / 0","","4 - Concordo parcialmente","-- / 0","","2 - Discordo parcialmente","-- / 0","","4 - Concordo parcialmente","-- / 0","","2 - Discordo parcialmente","-- / 0","","5 - Concordo totalmente","-- / 0","","5 - Concordo totalmente","-- / 0","","2 - Discordo parcialmente","-- / 0","","4 - Concordo parcialmente","-- / 0","","4 - Concordo parcialmente","-- / 0","","4 - Concordo parcialmente","-- / 0","","2 - Discordo parcialmente","-- / 0","","4 - Concordo parcialmente","-- / 0","","3 - Indiferente (Neutro)","-- / 0","","1 - Discordo totalmente","-- / 0","","4 - Concordo parcialmente","-- / 0","","4 - Concordo parcialmente","-- / 0","","3 - Indiferente (Neutro)","-- / 0","","4 - Concordo parcialmente","-- / 0","","4 - Concordo parcialmente","-- / 0","","Falta acrescentar a correção automática do texto","-- / 0",""
"2023/11/07 8:38:12 PM GMT-3","0.00 / 0","2 - Discordo parcialmente","-- / 0","","4 - Concordo parcialmente","-- / 0","","2 - Discordo parcialmente","-- / 0","","2 - Discordo parcialmente","-- / 0","","1 - Discordo totalmente","-- / 0","","2 - Discordo parcialmente","-- / 0","","1 - Discordo totalmente","-- / 0","","4 - Concordo parcialmente","-- / 0","","4 - Concordo parcialmente","-- / 0","","2 - Discordo parcialmente","-- / 0","","4 - Concordo parcialmente","-- / 0","","2 - Discordo parcialmente","-- / 0","","4 - Concordo parcialmente","-- / 0","","1 - Discordo totalmente","-- / 0","","4 - Concordo parcialmente","-- / 0","","2 - Discordo parcialmente","-- / 0","","2 - Discordo parcialmente","-- / 0","","2 - Discordo parcialmente","-- / 0","","2 - Discordo parcialmente","-- / 0","","2 - Discordo parcialmente","-- / 0","","Quando selecionada alguma jurisprudência, indicar a jurisprudência selecionada. Em razão da não indicação, torna-se dificultosa a pesquisa jurisprudencial.","-- / 0",""
"2023/11/07 8:38:13 PM GMT-3","0.00 / 0","5 - Concordo totalmente","-- / 0","","3 - Indiferente (Neutro)","-- / 0","","4 - Concordo parcialmente","-- / 0","","5 - Concordo totalmente","-- / 0","","5 - Concordo totalmente","-- / 0","","5 - Concordo totalmente","-- / 0","","5 - Concordo totalmente","-- / 0","","2 - Discordo parcialmente","-- / 0","","2 - Discordo parcialmente","-- / 0","","3 - Indiferente (Neutro)","-- / 0","","4 - Concordo parcialmente","-- / 0","","4 - Concordo parcialmente","-- / 0","","2 - Discordo parcialmente","-- / 0","","5 - Concordo totalmente","-- / 0","","1 - Discordo totalmente","-- / 0","","5 - Concordo totalmente","-- / 0","","5 - Concordo totalmente","-- / 0","","5 - Concordo totalmente","-- / 0","","5 - Concordo totalmente","-- / 0","","5 - Concordo totalmente","-- / 0","","pesquisa de mais de um inciso ao mesmo tempo. ","-- / 0",""
"2023/11/07 8:38:20 PM GMT-3","0.00 / 0","4 - Concordo parcialmente","-- / 0","","2 - Discordo parcialmente","-- / 0","","4 - Concordo parcialmente","-- / 0","","4 - Concordo parcialmente","-- / 0","","5 - Concordo totalmente","-- / 0","","4 - Concordo parcialmente","-- / 0","","2 - Discordo parcialmente","-- / 0","","1 - Discordo totalmente","-- / 0","","4 - Concordo parcialmente","-- / 0","","2 - Discordo parcialmente","-- / 0","","1 - Discordo totalmente","-- / 0","","3 - Indiferente (Neutro)","-- / 0","","1 - Discordo totalmente","-- / 0","","2 - Discordo parcialmente","-- / 0","","2 - Discordo parcialmente","-- / 0","","2 - Discordo parcialmente","-- / 0","","2 - Discordo parcialmente","-- / 0","","2 - Discordo parcialmente","-- / 0","","4 - Concordo parcialmente","-- / 0","","5 - Concordo totalmente","-- / 0","","Durante a utilização do software, ele parou de funcionar e teve problemas na procura de jurisprudências relacionadas ao artigo 386, inciso III, do CPP. Também tive dificuldade em encontrar a jurisprudência com relação ao artigo 17 do Código Penal, pois apesar de a maioria das jurisprudências coletadas pelo software ter relação com o crime que eu procurava, encontrei jurisprudências com uma mesma decisão, não encontrei jurisprudências que davam provimento, apenas que não davam provimento ao recurso.","-- / 0",""
"2023/11/07 8:38:52 PM GMT-3","0.00 / 0","5 - Concordo totalmente","-- / 0","","4 - Concordo parcialmente","-- / 0","","4 - Concordo parcialmente","-- / 0","","5 - Concordo totalmente","-- / 0","","2 - Discordo parcialmente","-- / 0","","4 - Concordo parcialmente","-- / 0","","4 - Concordo parcialmente","-- / 0","","2 - Discordo parcialmente","-- / 0","","4 - Concordo parcialmente","-- / 0","","4 - Concordo parcialmente","-- / 0","","4 - Concordo parcialmente","-- / 0","","5 - Concordo totalmente","-- / 0","","1 - Discordo totalmente","-- / 0","","4 - Concordo parcialmente","-- / 0","","1 - Discordo totalmente","-- / 0","","5 - Concordo totalmente","-- / 0","","4 - Concordo parcialmente","-- / 0","","5 - Concordo totalmente","-- / 0","","5 - Concordo totalmente","-- / 0","","4 - Concordo parcialmente","-- / 0","","No começo não é muito intuitivo e apresenta algumas falhas como: não reconhecimento da lei. Falta um pouco de praticidade. ","-- / 0",""
"2023/11/07 8:39:12 PM GMT-3","0.00 / 0","4 - Concordo parcialmente","-- / 0","","4 - Concordo parcialmente","-- / 0","","2 - Discordo parcialmente","-- / 0","","5 - Concordo totalmente","-- / 0","","4 - Concordo parcialmente","-- / 0","","4 - Concordo parcialmente","-- / 0","","4 - Concordo parcialmente","-- / 0","","1 - Discordo totalmente","-- / 0","","2 - Discordo parcialmente","-- / 0","","4 - Concordo parcialmente","-- / 0","","1 - Discordo totalmente","-- / 0","","5 - Concordo totalmente","-- / 0","","1 - Discordo totalmente","-- / 0","","4 - Concordo parcialmente","-- / 0","","2 - Discordo parcialmente","-- / 0","","4 - Concordo parcialmente","-- / 0","","4 - Concordo parcialmente","-- / 0","","5 - Concordo totalmente","-- / 0","","5 - Concordo totalmente","-- / 0","","5 - Concordo totalmente","-- / 0","","Seria interessante uma menor complexidade no que tange a escrita do respectivo artigo ora pesquisado. ","-- / 0",""
"2023/11/07 8:40:06 PM GMT-3","0.00 / 0","4 - Concordo parcialmente","-- / 0","","1 - Discordo totalmente","-- / 0","","5 - Concordo totalmente","-- / 0","","4 - Concordo parcialmente","-- / 0","","4 - Concordo parcialmente","-- / 0","","4 - Concordo parcialmente","-- / 0","","4 - Concordo parcialmente","-- / 0","","2 - Discordo parcialmente","-- / 0","","4 - Concordo parcialmente","-- / 0","","2 - Discordo parcialmente","-- / 0","","5 - Concordo totalmente","-- / 0","","4 - Concordo parcialmente","-- / 0","","2 - Discordo parcialmente","-- / 0","","2 - Discordo parcialmente","-- / 0","","3 - Indiferente (Neutro)","-- / 0","","4 - Concordo parcialmente","-- / 0","","1 - Discordo totalmente","-- / 0","","4 - Concordo parcialmente","-- / 0","","5 - Concordo totalmente","-- / 0","","4 - Concordo parcialmente","-- / 0","","Em alguns momento ocorreram inconsistências, pois não buscava o artigo, mesmo digitando da maneira correta, errada e de várias outras maneiras. 
Assim como, seria ideal ser apresentado todo o artigo, e não apenas quando você ter que colocar inciso por inciso, assim, há uma melhor visualização da resolução da problemática e não ter que buscar um por um qual colocaria. 
Importante também ter algum mecanismo de marcação, pois acaba se perdendo dada a várias informações ","-- / 0",""
"2023/11/07 8:41:33 PM GMT-3","0.00 / 0","4 - Concordo parcialmente","-- / 0","","4 - Concordo parcialmente","-- / 0","","4 - Concordo parcialmente","-- / 0","","4 - Concordo parcialmente","-- / 0","","4 - Concordo parcialmente","-- / 0","","4 - Concordo parcialmente","-- / 0","","4 - Concordo parcialmente","-- / 0","","2 - Discordo parcialmente","-- / 0","","5 - Concordo totalmente","-- / 0","","4 - Concordo parcialmente","-- / 0","","5 - Concordo totalmente","-- / 0","","2 - Discordo parcialmente","-- / 0","","3 - Indiferente (Neutro)","-- / 0","","2 - Discordo parcialmente","-- / 0","","4 - Concordo parcialmente","-- / 0","","4 - Concordo parcialmente","-- / 0","","2 - Discordo parcialmente","-- / 0","","4 - Concordo parcialmente","-- / 0","","4 - Concordo parcialmente","-- / 0","","3 - Indiferente (Neutro)","-- / 0","","A criação de um botão que possa disponibilizar a marcação da jurisprudência.

Encontrar jurisprudências /artigos mediante a palavras, não somente artigos específicos

Poder selecionar mais de um inciso em uma mesma pesquisa (Ex: Art. 386, I e II do CPP)

Aumentar o leque de pesquisa dos Códigos

Criação de palavras chaves ","-- / 0",""
"2023/11/07 8:45:22 PM GMT-3","0.00 / 0","5 - Concordo totalmente","-- / 0","","2 - Discordo parcialmente","-- / 0","","5 - Concordo totalmente","-- / 0","","5 - Concordo totalmente","-- / 0","","4 - Concordo parcialmente","-- / 0","","5 - Concordo totalmente","-- / 0","","5 - Concordo totalmente","-- / 0","","2 - Discordo parcialmente","-- / 0","","3 - Indiferente (Neutro)","-- / 0","","4 - Concordo parcialmente","-- / 0","","1 - Discordo totalmente","-- / 0","","4 - Concordo parcialmente","-- / 0","","2 - Discordo parcialmente","-- / 0","","4 - Concordo parcialmente","-- / 0","","2 - Discordo parcialmente","-- / 0","","5 - Concordo totalmente","-- / 0","","5 - Concordo totalmente","-- / 0","","5 - Concordo totalmente","-- / 0","","5 - Concordo totalmente","-- / 0","","2 - Discordo parcialmente","-- / 0","","Só queria que fosse um pouco mais fácil de se utilizar. Eu não tive muita dificuldade, mais acredito que alguém com um pouco menos de informação teria bastante dificuldade.","-- / 0",""